"ref_area.label","source.label","indicator.label","sex.label","classif1.label","classif2.label","time","obs_value","obs_status.label","note_classif.label","note_indicator.label","note_source.label"
"United Kingdom of Great Britain and Northern Ireland","LFS - Labour Force Survey","Employment by sex, age and economic activity (thousands)","Total","Age (10-year bands): Total","Economic activity (Aggregate): Manufacturing","2024",2717.095,,,,"Repository: ILO-STATISTICS - Micro data processing"
"United Kingdom of Great Britain and Northern Ireland","LFS - Labour Force Survey","Employment by sex, age and economic activity (thousands)","Total","Age (10-year bands): 15-24","Economic activity (Aggregate): Manufacturing","2024",218.871,,,,"Repository: ILO-STATISTICS - Micro data processing"
"United Kingdom of Great Britain and Northern Ireland","LFS - Labour Force Survey","Employment by sex, age and economic activity (thousands)","Total","Age (10-year bands): 25-34","Economic activity (Aggregate): Manufacturing","2024",583.056,,,,"Repository: ILO-STATISTICS - Micro data processing"
"United Kingdom of Great Britain and Northern Ireland","LFS - Labour Force Survey","Employment by sex, age and economic activity (thousands)","Total","Age (10-year bands): 35-44","Economic activity (Aggregate): Manufacturing","2024",649.016,,,,"Repository: ILO-STATISTICS - Micro data processing"
"United Kingdom of Great Britain and Northern Ireland","LFS - Labour Force Survey","Employment by sex, age and economic activity (thousands)","Total","Age (10-year bands): 45-54","Economic activity (Aggregate): Manufacturing","2024",618.586,,,,"Repository: ILO-STATISTICS - Micro data processing"
"United Kingdom of Great Britain and Northern Ireland","LFS - Labour Force Survey","Employment by sex, age and economic activity (thousands)","Total","Age (10-year bands): 55-64","Economic activity (Aggregate): Manufacturing","2024",538.53,,,,"Repository: ILO-STATISTICS - Micro data processing"
"United Kingdom of Great Britain and Northern Ireland","LFS - Labour Force Survey","Employment by sex, age and economic activity (thousands)","Total","Age (10-year bands): 65+","Economic activity (Aggregate): Manufacturing","2024",109.034,,,,"Repository: ILO-STATISTICS - Micro data processing"
"United Kingdom of Great Britain and Northern Ireland","LFS - Labour Force Survey","Employment by sex, age and economic activity (thousands)","Total","Age (10-year bands): Total","Economic activity (Aggregate): Manufacturing","2023",2587.85,,,,"Repository: ILO-STATISTICS - Micro data processing"
"United Kingdom of Great Britain and Northern Ireland","LFS - Labour Force Survey","Employment by sex, age and economic activity (thousands)","Total","Age (10-year bands): 15-24","Economic activity (Aggregate): Manufacturing","2023",205.771,,,,"Repository: ILO-STATISTICS - Micro data processing"
"United Kingdom of Great Britain and Northern Ireland","LFS - Labour Force Survey","Employment by sex, age and economic activity (thousands)","Total","Age (10-year bands): 25-34","Economic activity (Aggregate): Manufacturing","2023",553.556,,,,"Repository: ILO-STATISTICS - Micro data processing"
"United Kingdom of Great Britain and Northern Ireland","LFS - Labour Force Survey","Employment by sex, age and economic activity (thousands)","Total","Age (10-year bands): 35-44","Economic activity (Aggregate): Manufacturing","2023",608.185,,,,"Repository: ILO-STATISTICS - Micro data processing"
"United Kingdom of Great Britain and Northern Ireland","LFS - Labour Force Survey","Employment by sex, age and economic activity (thousands)","Total","Age (10-year bands): 45-54","Economic activity (Aggregate): Manufacturing","2023",638.64,,,,"Repository: ILO-STATISTICS - Micro data processing"
"United Kingdom of Great Britain and Northern Ireland","LFS - Labour Force Survey","Employment by sex, age and economic activity (thousands)","Total","Age (10-year bands): 55-64","Economic activity (Aggregate): Manufacturing","2023",495.907,,,,"Repository: ILO-STATISTICS - Micro data processing"
"United Kingdom of Great Britain and Northern Ireland","LFS - Labour Force Survey","Employment by sex, age and economic activity (thousands)","Total","Age (10-year bands): 65+","Economic activity (Aggregate): Manufacturing","2023",85.791,,,,"Repository: ILO-STATISTICS - Micro data processing"
"United Kingdom of Great Britain and Northern Ireland","LFS - Labour Force Survey","Employment by sex, age and economic activity (thousands)","Total","Age (10-year bands): Total","Economic activity (Aggregate): Manufacturing","2022",2709.226,,,,"Repository: ILO-STATISTICS - Micro data processing"
"United Kingdom of Great Britain and Northern Ireland","LFS - Labour Force Survey","Employment by sex, age and economic activity (thousands)","Total","Age (10-year bands): 15-24","Economic activity (Aggregate): Manufacturing","2022",245.221,,,,"Repository: ILO-STATISTICS - Micro data processing"
"United Kingdom of Great Britain and Northern Ireland","LFS - Labour Force Survey","Employment by sex, age and economic activity (thousands)","Total","Age (10-year bands): 25-34","Economic activity (Aggregate): Manufacturing","2022",615.696,,,,"Repository: ILO-STATISTICS - Micro data processing"
"United Kingdom of Great Britain and Northern Ireland","LFS - Labour Force Survey","Employment by sex, age and economic activity (thousands)","Total","Age (10-year bands): 35-44","Economic activity (Aggregate): Manufacturing","2022",562.636,,,,"Repository: ILO-STATISTICS - Micro data processing"
"United Kingdom of Great Britain and Northern Ireland","LFS - Labour Force Survey","Employment by sex, age and economic activity (thousands)","Total","Age (10-year bands): 45-54","Economic activity (Aggregate): Manufacturing","2022",705.512,,,,"Repository: ILO-STATISTICS - Micro data processing"
"United Kingdom of Great Britain and Northern Ireland","LFS - Labour Force Survey","Employment by sex, age and economic activity (thousands)","Total","Age (10-year bands): 55-64","Economic activity (Aggregate): Manufacturing","2022",491.746,,,,"Repository: ILO-STATISTICS - Micro data processing"
"United Kingdom of Great Britain and Northern Ireland","LFS - Labour Force Survey","Employment by sex, age and economic activity (thousands)","Total","Age (10-year bands): 65+","Economic activity (Aggregate): Manufacturing","2022",88.415,,,,"Repository: ILO-STATISTICS - Micro data processing"
"United Kingdom of Great Britain and Northern Ireland","LFS - Labour Force Survey","Employment by sex, age and economic activity (thousands)","Total","Age (10-year bands): Total","Economic activity (Aggregate): Manufacturing","2021",2760.058,,,,"Repository: ILO-STATISTICS - Micro data processing"
"United Kingdom of Great Britain and Northern Ireland","LFS - Labour Force Survey","Employment by sex, age and economic activity (thousands)","Total","Age (10-year bands): 15-24","Economic activity (Aggregate): Manufacturing","2021",217.634,,,,"Repository: ILO-STATISTICS - Micro data processing"
"United Kingdom of Great Britain and Northern Ireland","LFS - Labour Force Survey","Employment by sex, age and economic activity (thousands)","Total","Age (10-year bands): 25-34","Economic activity (Aggregate): Manufacturing","2021",623.298,,,,"Repository: ILO-STATISTICS - Micro data processing"
"United Kingdom of Great Britain and Northern Ireland","LFS - Labour Force Survey","Employment by sex, age and economic activity (thousands)","Total","Age (10-year bands): 35-44","Economic activity (Aggregate): Manufacturing","2021",605.855,,,,"Repository: ILO-STATISTICS - Micro data processing"
"United Kingdom of Great Britain and Northern Ireland","LFS - Labour Force Survey","Employment by sex, age and economic activity (thousands)","Total","Age (10-year bands): 45-54","Economic activity (Aggregate): Manufacturing","2021",693.531,,,,"Repository: ILO-STATISTICS - Micro data processing"
"United Kingdom of Great Britain and Northern Ireland","LFS - Labour Force Survey","Employment by sex, age and economic activity (thousands)","Total","Age (10-year bands): 55-64","Economic activity (Aggregate): Manufacturing","2021",517.259,,,,"Repository: ILO-STATISTICS - Micro data processing"
"United Kingdom of Great Britain and Northern Ireland","LFS - Labour Force Survey","Employment by sex, age and economic activity (thousands)","Total","Age (10-year bands): 65+","Economic activity (Aggregate): Manufacturing","2021",102.481,,,,"Repository: ILO-STATISTICS - Micro data processing"
"United Kingdom of Great Britain and Northern Ireland","LFS - Labour Force Survey","Employment by sex, age and economic activity (thousands)","Total","Age (10-year bands): Total","Economic activity (Aggregate): Manufacturing","2020",2825.79,,,,"Repository: ILO-STATISTICS - Micro data processing"
"United Kingdom of Great Britain and Northern Ireland","LFS - Labour Force Survey","Employment by sex, age and economic activity (thousands)","Total","Age (10-year bands): 15-24","Economic activity (Aggregate): Manufacturing","2020",244.947,,,,"Repository: ILO-STATISTICS - Micro data processing"
"United Kingdom of Great Britain and Northern Ireland","LFS - Labour Force Survey","Employment by sex, age and economic activity (thousands)","Total","Age (10-year bands): 25-34","Economic activity (Aggregate): Manufacturing","2020",626.137,,,,"Repository: ILO-STATISTICS - Micro data processing"
"United Kingdom of Great Britain and Northern Ireland","LFS - Labour Force Survey","Employment by sex, age and economic activity (thousands)","Total","Age (10-year bands): 35-44","Economic activity (Aggregate): Manufacturing","2020",657.642,,,,"Repository: ILO-STATISTICS - Micro data processing"
"United Kingdom of Great Britain and Northern Ireland","LFS - Labour Force Survey","Employment by sex, age and economic activity (thousands)","Total","Age (10-year bands): 45-54","Economic activity (Aggregate): Manufacturing","2020",685.124,,,,"Repository: ILO-STATISTICS - Micro data processing"
"United Kingdom of Great Britain and Northern Ireland","LFS - Labour Force Survey","Employment by sex, age and economic activity (thousands)","Total","Age (10-year bands): 55-64","Economic activity (Aggregate): Manufacturing","2020",512.633,,,,"Repository: ILO-STATISTICS - Micro data processing"
"United Kingdom of Great Britain and Northern Ireland","LFS - Labour Force Survey","Employment by sex, age and economic activity (thousands)","Total","Age (10-year bands): 65+","Economic activity (Aggregate): Manufacturing","2020",99.307,,,,"Repository: ILO-STATISTICS - Micro data processing"
"United Kingdom of Great Britain and Northern Ireland","LFS - Labour Force Survey","Employment by sex, age and economic activity (thousands)","Total","Age (10-year bands): Total","Economic activity (Aggregate): Manufacturing","2019",2910.074,,,,"Repository: ILO-STATISTICS - Micro data processing"
"United Kingdom of Great Britain and Northern Ireland","LFS - Labour Force Survey","Employment by sex, age and economic activity (thousands)","Total","Age (10-year bands): 15-24","Economic activity (Aggregate): Manufacturing","2019",247.379,,,,"Repository: ILO-STATISTICS - Micro data processing"
"United Kingdom of Great Britain and Northern Ireland","LFS - Labour Force Survey","Employment by sex, age and economic activity (thousands)","Total","Age (10-year bands): 25-34","Economic activity (Aggregate): Manufacturing","2019",676.114,,,,"Repository: ILO-STATISTICS - Micro data processing"
"United Kingdom of Great Britain and Northern Ireland","LFS - Labour Force Survey","Employment by sex, age and economic activity (thousands)","Total","Age (10-year bands): 35-44","Economic activity (Aggregate): Manufacturing","2019",634.395,,,,"Repository: ILO-STATISTICS - Micro data processing"
"United Kingdom of Great Britain and Northern Ireland","LFS - Labour Force Survey","Employment by sex, age and economic activity (thousands)","Total","Age (10-year bands): 45-54","Economic activity (Aggregate): Manufacturing","2019",711.871,,,,"Repository: ILO-STATISTICS - Micro data processing"
"United Kingdom of Great Britain and Northern Ireland","LFS - Labour Force Survey","Employment by sex, age and economic activity (thousands)","Total","Age (10-year bands): 55-64","Economic activity (Aggregate): Manufacturing","2019",540.149,,,,"Repository: ILO-STATISTICS - Micro data processing"
"United Kingdom of Great Britain and Northern Ireland","LFS - Labour Force Survey","Employment by sex, age and economic activity (thousands)","Total","Age (10-year bands): 65+","Economic activity (Aggregate): Manufacturing","2019",100.165,,,,"Repository: ILO-STATISTICS - Micro data processing"
"United Kingdom of Great Britain and Northern Ireland","LFS - Labour Force Survey","Employment by sex, age and economic activity (thousands)","Total","Age (10-year bands): Total","Economic activity (Aggregate): Manufacturing","2018",2893.566,,,,"Repository: ILO-STATISTICS - Micro data processing"
"United Kingdom of Great Britain and Northern Ireland","LFS - Labour Force Survey","Employment by sex, age and economic activity (thousands)","Total","Age (10-year bands): 15-24","Economic activity (Aggregate): Manufacturing","2018",248.933,,,,"Repository: ILO-STATISTICS - Micro data processing"
"United Kingdom of Great Britain and Northern Ireland","LFS - Labour Force Survey","Employment by sex, age and economic activity (thousands)","Total","Age (10-year bands): 25-34","Economic activity (Aggregate): Manufacturing","2018",657.492,,,,"Repository: ILO-STATISTICS - Micro data processing"
"United Kingdom of Great Britain and Northern Ireland","LFS - Labour Force Survey","Employment by sex, age and economic activity (thousands)","Total","Age (10-year bands): 35-44","Economic activity (Aggregate): Manufacturing","2018",629.705,,,,"Repository: ILO-STATISTICS - Micro data processing"
"United Kingdom of Great Britain and Northern Ireland","LFS - Labour Force Survey","Employment by sex, age and economic activity (thousands)","Total","Age (10-year bands): 45-54","Economic activity (Aggregate): Manufacturing","2018",746.893,,,,"Repository: ILO-STATISTICS - Micro data processing"
"United Kingdom of Great Britain and Northern Ireland","LFS - Labour Force Survey","Employment by sex, age and economic activity (thousands)","Total","Age (10-year bands): 55-64","Economic activity (Aggregate): Manufacturing","2018",515.151,,,,"Repository: ILO-STATISTICS - Micro data processing"
"United Kingdom of Great Britain and Northern Ireland","LFS - Labour Force Survey","Employment by sex, age and economic activity (thousands)","Total","Age (10-year bands): 65+","Economic activity (Aggregate): Manufacturing","2018",95.393,,,,"Repository: ILO-STATISTICS - Micro data processing"
"United Kingdom of Great Britain and Northern Ireland","LFS - Labour Force Survey","Employment by sex, age and economic activity (thousands)","Total","Age (10-year bands): Total","Economic activity (Aggregate): Manufacturing","2017",2923.8,,,,"Repository: ILO-STATISTICS - Micro data processing"
"United Kingdom of Great Britain and Northern Ireland","LFS - Labour Force Survey","Employment by sex, age and economic activity (thousands)","Total","Age (10-year bands): 15-24","Economic activity (Aggregate): Manufacturing","2017",255.97,,,,"Repository: ILO-STATISTICS - Micro data processing"
"United Kingdom of Great Britain and Northern Ireland","LFS - Labour Force Survey","Employment by sex, age and economic activity (thousands)","Total","Age (10-year bands): 25-34","Economic activity (Aggregate): Manufacturing","2017",666.174,,,,"Repository: ILO-STATISTICS - Micro data processing"
"United Kingdom of Great Britain and Northern Ireland","LFS - Labour Force Survey","Employment by sex, age and economic activity (thousands)","Total","Age (10-year bands): 35-44","Economic activity (Aggregate): Manufacturing","2017",665.47,,,,"Repository: ILO-STATISTICS - Micro data processing"
"United Kingdom of Great Britain and Northern Ireland","LFS - Labour Force Survey","Employment by sex, age and economic activity (thousands)","Total","Age (10-year bands): 45-54","Economic activity (Aggregate): Manufacturing","2017",757.102,,,,"Repository: ILO-STATISTICS - Micro data processing"
"United Kingdom of Great Britain and Northern Ireland","LFS - Labour Force Survey","Employment by sex, age and economic activity (thousands)","Total","Age (10-year bands): 55-64","Economic activity (Aggregate): Manufacturing","2017",493.871,,,,"Repository: ILO-STATISTICS - Micro data processing"
"United Kingdom of Great Britain and Northern Ireland","LFS - Labour Force Survey","Employment by sex, age and economic activity (thousands)","Total","Age (10-year bands): 65+","Economic activity (Aggregate): Manufacturing","2017",85.213,,,,"Repository: ILO-STATISTICS - Micro data processing"
"United Kingdom of Great Britain and Northern Ireland","LFS - Labour Force Survey","Employment by sex, age and economic activity (thousands)","Total","Age (10-year bands): Total","Economic activity (Aggregate): Manufacturing","2016",2966.654,,,,"Repository: ILO-STATISTICS - Micro data processing"
"United Kingdom of Great Britain and Northern Ireland","LFS - Labour Force Survey","Employment by sex, age and economic activity (thousands)","Total","Age (10-year bands): 15-24","Economic activity (Aggregate): Manufacturing","2016",265.493,,,,"Repository: ILO-STATISTICS - Micro data processing"
"United Kingdom of Great Britain and Northern Ireland","LFS - Labour Force Survey","Employment by sex, age and economic activity (thousands)","Total","Age (10-year bands): 25-34","Economic activity (Aggregate): Manufacturing","2016",676.348,,,,"Repository: ILO-STATISTICS - Micro data processing"
"United Kingdom of Great Britain and Northern Ireland","LFS - Labour Force Survey","Employment by sex, age and economic activity (thousands)","Total","Age (10-year bands): 35-44","Economic activity (Aggregate): Manufacturing","2016",640.684,,,,"Repository: ILO-STATISTICS - Micro data processing"
"United Kingdom of Great Britain and Northern Ireland","LFS - Labour Force Survey","Employment by sex, age and economic activity (thousands)","Total","Age (10-year bands): 45-54","Economic activity (Aggregate): Manufacturing","2016",790.79,,,,"Repository: ILO-STATISTICS - Micro data processing"
"United Kingdom of Great Britain and Northern Ireland","LFS - Labour Force Survey","Employment by sex, age and economic activity (thousands)","Total","Age (10-year bands): 55-64","Economic activity (Aggregate): Manufacturing","2016",497.291,,,,"Repository: ILO-STATISTICS - Micro data processing"
"United Kingdom of Great Britain and Northern Ireland","LFS - Labour Force Survey","Employment by sex, age and economic activity (thousands)","Total","Age (10-year bands): 65+","Economic activity (Aggregate): Manufacturing","2016",96.049,,,,"Repository: ILO-STATISTICS - Micro data processing"
"United Kingdom of Great Britain and Northern Ireland","LFS - Labour Force Survey","Employment by sex, age and economic activity (thousands)","Total","Age (10-year bands): Total","Economic activity (Aggregate): Manufacturing","2015",2994.998,,,,"Repository: ILO-STATISTICS - Micro data processing"
"United Kingdom of Great Britain and Northern Ireland","LFS - Labour Force Survey","Employment by sex, age and economic activity (thousands)","Total","Age (10-year bands): 15-24","Economic activity (Aggregate): Manufacturing","2015",274.354,,,,"Repository: ILO-STATISTICS - Micro data processing"
"United Kingdom of Great Britain and Northern Ireland","LFS - Labour Force Survey","Employment by sex, age and economic activity (thousands)","Total","Age (10-year bands): 25-34","Economic activity (Aggregate): Manufacturing","2015",655.518,,,,"Repository: ILO-STATISTICS - Micro data processing"
"United Kingdom of Great Britain and Northern Ireland","LFS - Labour Force Survey","Employment by sex, age and economic activity (thousands)","Total","Age (10-year bands): 35-44","Economic activity (Aggregate): Manufacturing","2015",669.364,,,,"Repository: ILO-STATISTICS - Micro data processing"
"United Kingdom of Great Britain and Northern Ireland","LFS - Labour Force Survey","Employment by sex, age and economic activity (thousands)","Total","Age (10-year bands): 45-54","Economic activity (Aggregate): Manufacturing","2015",795.198,,,,"Repository: ILO-STATISTICS - Micro data processing"
"United Kingdom of Great Britain and Northern Ireland","LFS - Labour Force Survey","Employment by sex, age and economic activity (thousands)","Total","Age (10-year bands): 55-64","Economic activity (Aggregate): Manufacturing","2015",502.868,,,,"Repository: ILO-STATISTICS - Micro data processing"
"United Kingdom of Great Britain and Northern Ireland","LFS - Labour Force Survey","Employment by sex, age and economic activity (thousands)","Total","Age (10-year bands): 65+","Economic activity (Aggregate): Manufacturing","2015",97.695,,,,"Repository: ILO-STATISTICS - Micro data processing"
"United Kingdom of Great Britain and Northern Ireland","LFS - Labour Force Survey","Employment by sex, age and economic activity (thousands)","Total","Age (10-year bands): Total","Economic activity (Aggregate): Manufacturing","2014",2260.47,,,,"Repository: ILO-STATISTICS - Micro data processing"
"United Kingdom of Great Britain and Northern Ireland","LFS - Labour Force Survey","Employment by sex, age and economic activity (thousands)","Total","Age (10-year bands): 15-24","Economic activity (Aggregate): Manufacturing","2014",201.288,,,,"Repository: ILO-STATISTICS - Micro data processing"
"United Kingdom of Great Britain and Northern Ireland","LFS - Labour Force Survey","Employment by sex, age and economic activity (thousands)","Total","Age (10-year bands): 25-34","Economic activity (Aggregate): Manufacturing","2014",490.752,,,,"Repository: ILO-STATISTICS - Micro data processing"
"United Kingdom of Great Britain and Northern Ireland","LFS - Labour Force Survey","Employment by sex, age and economic activity (thousands)","Total","Age (10-year bands): 35-44","Economic activity (Aggregate): Manufacturing","2014",537.547,,,,"Repository: ILO-STATISTICS - Micro data processing"
"United Kingdom of Great Britain and Northern Ireland","LFS - Labour Force Survey","Employment by sex, age and economic activity (thousands)","Total","Age (10-year bands): 45-54","Economic activity (Aggregate): Manufacturing","2014",613.212,,,,"Repository: ILO-STATISTICS - Micro data processing"
"United Kingdom of Great Britain and Northern Ireland","LFS - Labour Force Survey","Employment by sex, age and economic activity (thousands)","Total","Age (10-year bands): 55-64","Economic activity (Aggregate): Manufacturing","2014",354.391,,,,"Repository: ILO-STATISTICS - Micro data processing"
"United Kingdom of Great Britain and Northern Ireland","LFS - Labour Force Survey","Employment by sex, age and economic activity (thousands)","Total","Age (10-year bands): 65+","Economic activity (Aggregate): Manufacturing","2014",63.28,,,,"Repository: ILO-STATISTICS - Micro data processing"
"United Kingdom of Great Britain and Northern Ireland","LFS - Labour Force Survey","Employment by sex, age and economic activity (thousands)","Total","Age (10-year bands): Total","Economic activity (Aggregate): Manufacturing","2013",2885.491,,,,"Repository: ILO-STATISTICS - Micro data processing"
"United Kingdom of Great Britain and Northern Ireland","LFS - Labour Force Survey","Employment by sex, age and economic activity (thousands)","Total","Age (10-year bands): 15-24","Economic activity (Aggregate): Manufacturing","2013",259.131,,,,"Repository: ILO-STATISTICS - Micro data processing"
"United Kingdom of Great Britain and Northern Ireland","LFS - Labour Force Survey","Employment by sex, age and economic activity (thousands)","Total","Age (10-year bands): 25-34","Economic activity (Aggregate): Manufacturing","2013",600.278,,,,"Repository: ILO-STATISTICS - Micro data processing"
"United Kingdom of Great Britain and Northern Ireland","LFS - Labour Force Survey","Employment by sex, age and economic activity (thousands)","Total","Age (10-year bands): 35-44","Economic activity (Aggregate): Manufacturing","2013",689.089,,,,"Repository: ILO-STATISTICS - Micro data processing"
"United Kingdom of Great Britain and Northern Ireland","LFS - Labour Force Survey","Employment by sex, age and economic activity (thousands)","Total","Age (10-year bands): 45-54","Economic activity (Aggregate): Manufacturing","2013",808.451,,,,"Repository: ILO-STATISTICS - Micro data processing"
"United Kingdom of Great Britain and Northern Ireland","LFS - Labour Force Survey","Employment by sex, age and economic activity (thousands)","Total","Age (10-year bands): 55-64","Economic activity (Aggregate): Manufacturing","2013",452.668,,,,"Repository: ILO-STATISTICS - Micro data processing"
"United Kingdom of Great Britain and Northern Ireland","LFS - Labour Force Survey","Employment by sex, age and economic activity (thousands)","Total","Age (10-year bands): 65+","Economic activity (Aggregate): Manufacturing","2013",75.875,,,,"Repository: ILO-STATISTICS - Micro data processing"
"United Kingdom of Great Britain and Northern Ireland","LFS - Labour Force Survey","Employment by sex, age and economic activity (thousands)","Total","Age (10-year bands): Total","Economic activity (Aggregate): Manufacturing","2012",2903.798,,,,"Repository: ILO-STATISTICS - Micro data processing"
"United Kingdom of Great Britain and Northern Ireland","LFS - Labour Force Survey","Employment by sex, age and economic activity (thousands)","Total","Age (10-year bands): 15-24","Economic activity (Aggregate): Manufacturing","2012",238.908,,,,"Repository: ILO-STATISTICS - Micro data processing"
"United Kingdom of Great Britain and Northern Ireland","LFS - Labour Force Survey","Employment by sex, age and economic activity (thousands)","Total","Age (10-year bands): 25-34","Economic activity (Aggregate): Manufacturing","2012",591.63,,,,"Repository: ILO-STATISTICS - Micro data processing"
"United Kingdom of Great Britain and Northern Ireland","LFS - Labour Force Survey","Employment by sex, age and economic activity (thousands)","Total","Age (10-year bands): 35-44","Economic activity (Aggregate): Manufacturing","2012",713.165,,,,"Repository: ILO-STATISTICS - Micro data processing"
"United Kingdom of Great Britain and Northern Ireland","LFS - Labour Force Survey","Employment by sex, age and economic activity (thousands)","Total","Age (10-year bands): 45-54","Economic activity (Aggregate): Manufacturing","2012",830.582,,,,"Repository: ILO-STATISTICS - Micro data processing"
"United Kingdom of Great Britain and Northern Ireland","LFS - Labour Force Survey","Employment by sex, age and economic activity (thousands)","Total","Age (10-year bands): 55-64","Economic activity (Aggregate): Manufacturing","2012",451.948,,,,"Repository: ILO-STATISTICS - Micro data processing"
"United Kingdom of Great Britain and Northern Ireland","LFS - Labour Force Survey","Employment by sex, age and economic activity (thousands)","Total","Age (10-year bands): 65+","Economic activity (Aggregate): Manufacturing","2012",77.566,,,,"Repository: ILO-STATISTICS - Micro data processing"
"United Kingdom of Great Britain and Northern Ireland","LFS - Labour Force Survey","Employment by sex, age and economic activity (thousands)","Total","Age (10-year bands): Total","Economic activity (Aggregate): Manufacturing","2011",2863.218,,,,"Repository: ILO-STATISTICS - Micro data processing"
"United Kingdom of Great Britain and Northern Ireland","LFS - Labour Force Survey","Employment by sex, age and economic activity (thousands)","Total","Age (10-year bands): 15-24","Economic activity (Aggregate): Manufacturing","2011",257.508,,,,"Repository: ILO-STATISTICS - Micro data processing"
"United Kingdom of Great Britain and Northern Ireland","LFS - Labour Force Survey","Employment by sex, age and economic activity (thousands)","Total","Age (10-year bands): 25-34","Economic activity (Aggregate): Manufacturing","2011",588.645,,,,"Repository: ILO-STATISTICS - Micro data processing"
"United Kingdom of Great Britain and Northern Ireland","LFS - Labour Force Survey","Employment by sex, age and economic activity (thousands)","Total","Age (10-year bands): 35-44","Economic activity (Aggregate): Manufacturing","2011",730.465,,,,"Repository: ILO-STATISTICS - Micro data processing"
"United Kingdom of Great Britain and Northern Ireland","LFS - Labour Force Survey","Employment by sex, age and economic activity (thousands)","Total","Age (10-year bands): 45-54","Economic activity (Aggregate): Manufacturing","2011",767.812,,,,"Repository: ILO-STATISTICS - Micro data processing"
"United Kingdom of Great Britain and Northern Ireland","LFS - Labour Force Survey","Employment by sex, age and economic activity (thousands)","Total","Age (10-year bands): 55-64","Economic activity (Aggregate): Manufacturing","2011",457.442,,,,"Repository: ILO-STATISTICS - Micro data processing"
"United Kingdom of Great Britain and Northern Ireland","LFS - Labour Force Survey","Employment by sex, age and economic activity (thousands)","Total","Age (10-year bands): 65+","Economic activity (Aggregate): Manufacturing","2011",61.347,,,,"Repository: ILO-STATISTICS - Micro data processing"
"United Kingdom of Great Britain and Northern Ireland","LFS - Labour Force Survey","Employment by sex, age and economic activity (thousands)","Total","Age (10-year bands): Total","Economic activity (Aggregate): Manufacturing","2010",2870.155,,,,"Repository: ILO-STATISTICS - Micro data processing"
"United Kingdom of Great Britain and Northern Ireland","LFS - Labour Force Survey","Employment by sex, age and economic activity (thousands)","Total","Age (10-year bands): 15-24","Economic activity (Aggregate): Manufacturing","2010",238.537,,,,"Repository: ILO-STATISTICS - Micro data processing"
"United Kingdom of Great Britain and Northern Ireland","LFS - Labour Force Survey","Employment by sex, age and economic activity (thousands)","Total","Age (10-year bands): 25-34","Economic activity (Aggregate): Manufacturing","2010",611.675,,,,"Repository: ILO-STATISTICS - Micro data processing"
"United Kingdom of Great Britain and Northern Ireland","LFS - Labour Force Survey","Employment by sex, age and economic activity (thousands)","Total","Age (10-year bands): 35-44","Economic activity (Aggregate): Manufacturing","2010",742.379,,,,"Repository: ILO-STATISTICS - Micro data processing"
"United Kingdom of Great Britain and Northern Ireland","LFS - Labour Force Survey","Employment by sex, age and economic activity (thousands)","Total","Age (10-year bands): 45-54","Economic activity (Aggregate): Manufacturing","2010",740.814,,,,"Repository: ILO-STATISTICS - Micro data processing"
"United Kingdom of Great Britain and Northern Ireland","LFS - Labour Force Survey","Employment by sex, age and economic activity (thousands)","Total","Age (10-year bands): 55-64","Economic activity (Aggregate): Manufacturing","2010",465.313,,,,"Repository: ILO-STATISTICS - Micro data processing"
"United Kingdom of Great Britain and Northern Ireland","LFS - Labour Force Survey","Employment by sex, age and economic activity (thousands)","Total","Age (10-year bands): 65+","Economic activity (Aggregate): Manufacturing","2010",71.439,,,,"Repository: ILO-STATISTICS - Micro data processing"
"United Kingdom of Great Britain and Northern Ireland","LFS - Labour Force Survey","Employment by sex, age and economic activity (thousands)","Total","Age (10-year bands): Total","Economic activity (Aggregate): Manufacturing","2009",2811.444,,,,"Repository: ILO-STATISTICS - Micro data processing"
"United Kingdom of Great Britain and Northern Ireland","LFS - Labour Force Survey","Employment by sex, age and economic activity (thousands)","Total","Age (10-year bands): 15-24","Economic activity (Aggregate): Manufacturing","2009",226.19,,,,"Repository: ILO-STATISTICS - Micro data processing"
"United Kingdom of Great Britain and Northern Ireland","LFS - Labour Force Survey","Employment by sex, age and economic activity (thousands)","Total","Age (10-year bands): 25-34","Economic activity (Aggregate): Manufacturing","2009",595.985,,,,"Repository: ILO-STATISTICS - Micro data processing"
"United Kingdom of Great Britain and Northern Ireland","LFS - Labour Force Survey","Employment by sex, age and economic activity (thousands)","Total","Age (10-year bands): 35-44","Economic activity (Aggregate): Manufacturing","2009",764.74,,,,"Repository: ILO-STATISTICS - Micro data processing"
"United Kingdom of Great Britain and Northern Ireland","LFS - Labour Force Survey","Employment by sex, age and economic activity (thousands)","Total","Age (10-year bands): 45-54","Economic activity (Aggregate): Manufacturing","2009",717.775,,,,"Repository: ILO-STATISTICS - Micro data processing"
"United Kingdom of Great Britain and Northern Ireland","LFS - Labour Force Survey","Employment by sex, age and economic activity (thousands)","Total","Age (10-year bands): 55-64","Economic activity (Aggregate): Manufacturing","2009",445.204,,,,"Repository: ILO-STATISTICS - Micro data processing"
"United Kingdom of Great Britain and Northern Ireland","LFS - Labour Force Survey","Employment by sex, age and economic activity (thousands)","Total","Age (10-year bands): 65+","Economic activity (Aggregate): Manufacturing","2009",61.551,,,,"Repository: ILO-STATISTICS - Micro data processing"
"United Kingdom of Great Britain and Northern Ireland","LFS - Labour Force Survey","Employment by sex, age and economic activity (thousands)","Total","Age (10-year bands): Total","Economic activity (Aggregate): Manufacturing","2008",3542.034,,,,"Repository: ILO-STATISTICS - Micro data processing"
"United Kingdom of Great Britain and Northern Ireland","LFS - Labour Force Survey","Employment by sex, age and economic activity (thousands)","Total","Age (10-year bands): 15-24","Economic activity (Aggregate): Manufacturing","2008",349.385,,,,"Repository: ILO-STATISTICS - Micro data processing"
"United Kingdom of Great Britain and Northern Ireland","LFS - Labour Force Survey","Employment by sex, age and economic activity (thousands)","Total","Age (10-year bands): 25-34","Economic activity (Aggregate): Manufacturing","2008",773.365,,,,"Repository: ILO-STATISTICS - Micro data processing"
"United Kingdom of Great Britain and Northern Ireland","LFS - Labour Force Survey","Employment by sex, age and economic activity (thousands)","Total","Age (10-year bands): 35-44","Economic activity (Aggregate): Manufacturing","2008",936.152,,,,"Repository: ILO-STATISTICS - Micro data processing"
"United Kingdom of Great Britain and Northern Ireland","LFS - Labour Force Survey","Employment by sex, age and economic activity (thousands)","Total","Age (10-year bands): 45-54","Economic activity (Aggregate): Manufacturing","2008",865.876,,,,"Repository: ILO-STATISTICS - Micro data processing"
"United Kingdom of Great Britain and Northern Ireland","LFS - Labour Force Survey","Employment by sex, age and economic activity (thousands)","Total","Age (10-year bands): 55-64","Economic activity (Aggregate): Manufacturing","2008",556.252,,,,"Repository: ILO-STATISTICS - Micro data processing"
"United Kingdom of Great Britain and Northern Ireland","LFS - Labour Force Survey","Employment by sex, age and economic activity (thousands)","Total","Age (10-year bands): 65+","Economic activity (Aggregate): Manufacturing","2008",61.003,,,,"Repository: ILO-STATISTICS - Micro data processing"
"United Kingdom of Great Britain and Northern Ireland","LFS - Labour Force Survey","Employment by sex, age and economic activity (thousands)","Total","Age (10-year bands): Total","Economic activity (Aggregate): Manufacturing","2007",3740.185,,,,"Repository: ILO-STATISTICS - Micro data processing"
"United Kingdom of Great Britain and Northern Ireland","LFS - Labour Force Survey","Employment by sex, age and economic activity (thousands)","Total","Age (10-year bands): 15-24","Economic activity (Aggregate): Manufacturing","2007",377.488,,,,"Repository: ILO-STATISTICS - Micro data processing"
"United Kingdom of Great Britain and Northern Ireland","LFS - Labour Force Survey","Employment by sex, age and economic activity (thousands)","Total","Age (10-year bands): 25-34","Economic activity (Aggregate): Manufacturing","2007",803.343,,,,"Repository: ILO-STATISTICS - Micro data processing"
"United Kingdom of Great Britain and Northern Ireland","LFS - Labour Force Survey","Employment by sex, age and economic activity (thousands)","Total","Age (10-year bands): 35-44","Economic activity (Aggregate): Manufacturing","2007",1030.228,,,,"Repository: ILO-STATISTICS - Micro data processing"
"United Kingdom of Great Britain and Northern Ireland","LFS - Labour Force Survey","Employment by sex, age and economic activity (thousands)","Total","Age (10-year bands): 45-54","Economic activity (Aggregate): Manufacturing","2007",882.594,,,,"Repository: ILO-STATISTICS - Micro data processing"
"United Kingdom of Great Britain and Northern Ireland","LFS - Labour Force Survey","Employment by sex, age and economic activity (thousands)","Total","Age (10-year bands): 55-64","Economic activity (Aggregate): Manufacturing","2007",579.229,,,,"Repository: ILO-STATISTICS - Micro data processing"
"United Kingdom of Great Britain and Northern Ireland","LFS - Labour Force Survey","Employment by sex, age and economic activity (thousands)","Total","Age (10-year bands): 65+","Economic activity (Aggregate): Manufacturing","2007",67.302,,,,"Repository: ILO-STATISTICS - Micro data processing"
"United Kingdom of Great Britain and Northern Ireland","LFS - Labour Force Survey","Employment by sex, age and economic activity (thousands)","Total","Age (10-year bands): Total","Economic activity (Aggregate): Manufacturing","2006",3751.84,,,,"Repository: ILO-STATISTICS - Micro data processing"
"United Kingdom of Great Britain and Northern Ireland","LFS - Labour Force Survey","Employment by sex, age and economic activity (thousands)","Total","Age (10-year bands): 15-24","Economic activity (Aggregate): Manufacturing","2006",357.147,,,,"Repository: ILO-STATISTICS - Micro data processing"
"United Kingdom of Great Britain and Northern Ireland","LFS - Labour Force Survey","Employment by sex, age and economic activity (thousands)","Total","Age (10-year bands): 25-34","Economic activity (Aggregate): Manufacturing","2006",813.761,,,,"Repository: ILO-STATISTICS - Micro data processing"
"United Kingdom of Great Britain and Northern Ireland","LFS - Labour Force Survey","Employment by sex, age and economic activity (thousands)","Total","Age (10-year bands): 35-44","Economic activity (Aggregate): Manufacturing","2006",1046.618,,,,"Repository: ILO-STATISTICS - Micro data processing"
"United Kingdom of Great Britain and Northern Ireland","LFS - Labour Force Survey","Employment by sex, age and economic activity (thousands)","Total","Age (10-year bands): 45-54","Economic activity (Aggregate): Manufacturing","2006",896.265,,,,"Repository: ILO-STATISTICS - Micro data processing"
"United Kingdom of Great Britain and Northern Ireland","LFS - Labour Force Survey","Employment by sex, age and economic activity (thousands)","Total","Age (10-year bands): 55-64","Economic activity (Aggregate): Manufacturing","2006",570.72,,,,"Repository: ILO-STATISTICS - Micro data processing"
"United Kingdom of Great Britain and Northern Ireland","LFS - Labour Force Survey","Employment by sex, age and economic activity (thousands)","Total","Age (10-year bands): 65+","Economic activity (Aggregate): Manufacturing","2006",67.33,,,,"Repository: ILO-STATISTICS - Micro data processing"
"United Kingdom of Great Britain and Northern Ireland","LFS - Labour Force Survey","Employment by sex, age and economic activity (thousands)","Total","Age (10-year bands): Total","Economic activity (Aggregate): Manufacturing","2005",3788.592,"Break in series",,"Break in series: Methodology revised","Repository: ILO-STATISTICS - Micro data processing"
"United Kingdom of Great Britain and Northern Ireland","LFS - Labour Force Survey","Employment by sex, age and economic activity (thousands)","Total","Age (10-year bands): 15-24","Economic activity (Aggregate): Manufacturing","2005",392.938,"Break in series",,"Break in series: Methodology revised","Repository: ILO-STATISTICS - Micro data processing"
"United Kingdom of Great Britain and Northern Ireland","LFS - Labour Force Survey","Employment by sex, age and economic activity (thousands)","Total","Age (10-year bands): 25-34","Economic activity (Aggregate): Manufacturing","2005",837.884,"Break in series",,"Break in series: Methodology revised","Repository: ILO-STATISTICS - Micro data processing"
"United Kingdom of Great Britain and Northern Ireland","LFS - Labour Force Survey","Employment by sex, age and economic activity (thousands)","Total","Age (10-year bands): 35-44","Economic activity (Aggregate): Manufacturing","2005",1066.003,"Break in series",,"Break in series: Methodology revised","Repository: ILO-STATISTICS - Micro data processing"
"United Kingdom of Great Britain and Northern Ireland","LFS - Labour Force Survey","Employment by sex, age and economic activity (thousands)","Total","Age (10-year bands): 45-54","Economic activity (Aggregate): Manufacturing","2005",891.223,"Break in series",,"Break in series: Methodology revised","Repository: ILO-STATISTICS - Micro data processing"
"United Kingdom of Great Britain and Northern Ireland","LFS - Labour Force Survey","Employment by sex, age and economic activity (thousands)","Total","Age (10-year bands): 55-64","Economic activity (Aggregate): Manufacturing","2005",539.968,"Break in series",,"Break in series: Methodology revised","Repository: ILO-STATISTICS - Micro data processing"
"United Kingdom of Great Britain and Northern Ireland","LFS - Labour Force Survey","Employment by sex, age and economic activity (thousands)","Total","Age (10-year bands): 65+","Economic activity (Aggregate): Manufacturing","2005",60.576,"Break in series",,"Break in series: Methodology revised","Repository: ILO-STATISTICS - Micro data processing"
"United Kingdom of Great Britain and Northern Ireland","LFS - EU Labour Force Survey","Employment by sex, age and economic activity (thousands)","Total","Age (10-year bands): Total","Economic activity (Aggregate): Manufacturing","2004",3829.115,,,,"Repository: ILO-STATISTICS - Micro data processing"
"United Kingdom of Great Britain and Northern Ireland","LFS - EU Labour Force Survey","Employment by sex, age and economic activity (thousands)","Total","Age (10-year bands): 15-24","Economic activity (Aggregate): Manufacturing","2004",383.004,,,,"Repository: ILO-STATISTICS - Micro data processing"
"United Kingdom of Great Britain and Northern Ireland","LFS - EU Labour Force Survey","Employment by sex, age and economic activity (thousands)","Total","Age (10-year bands): 25-34","Economic activity (Aggregate): Manufacturing","2004",853.834,,,,"Repository: ILO-STATISTICS - Micro data processing"
"United Kingdom of Great Britain and Northern Ireland","LFS - EU Labour Force Survey","Employment by sex, age and economic activity (thousands)","Total","Age (10-year bands): 35-44","Economic activity (Aggregate): Manufacturing","2004",1105.8,,,,"Repository: ILO-STATISTICS - Micro data processing"
"United Kingdom of Great Britain and Northern Ireland","LFS - EU Labour Force Survey","Employment by sex, age and economic activity (thousands)","Total","Age (10-year bands): 45-54","Economic activity (Aggregate): Manufacturing","2004",885.142,,,,"Repository: ILO-STATISTICS - Micro data processing"
"United Kingdom of Great Britain and Northern Ireland","LFS - EU Labour Force Survey","Employment by sex, age and economic activity (thousands)","Total","Age (10-year bands): 55-64","Economic activity (Aggregate): Manufacturing","2004",545.291,,,,"Repository: ILO-STATISTICS - Micro data processing"
"United Kingdom of Great Britain and Northern Ireland","LFS - EU Labour Force Survey","Employment by sex, age and economic activity (thousands)","Total","Age (10-year bands): 65+","Economic activity (Aggregate): Manufacturing","2004",56.044,,,,"Repository: ILO-STATISTICS - Micro data processing"
"United Kingdom of Great Britain and Northern Ireland","LFS - EU Labour Force Survey","Employment by sex, age and economic activity (thousands)","Total","Age (10-year bands): Total","Economic activity (Aggregate): Manufacturing","2003",4140.688,,,,"Repository: ILO-STATISTICS - Micro data processing"
"United Kingdom of Great Britain and Northern Ireland","LFS - EU Labour Force Survey","Employment by sex, age and economic activity (thousands)","Total","Age (10-year bands): 15-24","Economic activity (Aggregate): Manufacturing","2003",422.285,,,,"Repository: ILO-STATISTICS - Micro data processing"
"United Kingdom of Great Britain and Northern Ireland","LFS - EU Labour Force Survey","Employment by sex, age and economic activity (thousands)","Total","Age (10-year bands): 25-34","Economic activity (Aggregate): Manufacturing","2003",972.357,,,,"Repository: ILO-STATISTICS - Micro data processing"
"United Kingdom of Great Britain and Northern Ireland","LFS - EU Labour Force Survey","Employment by sex, age and economic activity (thousands)","Total","Age (10-year bands): 35-44","Economic activity (Aggregate): Manufacturing","2003",1122.361,,,,"Repository: ILO-STATISTICS - Micro data processing"
"United Kingdom of Great Britain and Northern Ireland","LFS - EU Labour Force Survey","Employment by sex, age and economic activity (thousands)","Total","Age (10-year bands): 45-54","Economic activity (Aggregate): Manufacturing","2003",962.033,,,,"Repository: ILO-STATISTICS - Micro data processing"
"United Kingdom of Great Britain and Northern Ireland","LFS - EU Labour Force Survey","Employment by sex, age and economic activity (thousands)","Total","Age (10-year bands): 55-64","Economic activity (Aggregate): Manufacturing","2003",611.972,,,,"Repository: ILO-STATISTICS - Micro data processing"
"United Kingdom of Great Britain and Northern Ireland","LFS - EU Labour Force Survey","Employment by sex, age and economic activity (thousands)","Total","Age (10-year bands): 65+","Economic activity (Aggregate): Manufacturing","2003",49.68,,,,"Repository: ILO-STATISTICS - Micro data processing"
"United Kingdom of Great Britain and Northern Ireland","LFS - EU Labour Force Survey","Employment by sex, age and economic activity (thousands)","Total","Age (10-year bands): Total","Economic activity (Aggregate): Manufacturing","2002",4298.792,,,,"Repository: ILO-STATISTICS - Micro data processing"
"United Kingdom of Great Britain and Northern Ireland","LFS - EU Labour Force Survey","Employment by sex, age and economic activity (thousands)","Total","Age (10-year bands): 15-24","Economic activity (Aggregate): Manufacturing","2002",478.559,,,,"Repository: ILO-STATISTICS - Micro data processing"
"United Kingdom of Great Britain and Northern Ireland","LFS - EU Labour Force Survey","Employment by sex, age and economic activity (thousands)","Total","Age (10-year bands): 25-34","Economic activity (Aggregate): Manufacturing","2002",1024.072,,,,"Repository: ILO-STATISTICS - Micro data processing"
"United Kingdom of Great Britain and Northern Ireland","LFS - EU Labour Force Survey","Employment by sex, age and economic activity (thousands)","Total","Age (10-year bands): 35-44","Economic activity (Aggregate): Manufacturing","2002",1189.412,,,,"Repository: ILO-STATISTICS - Micro data processing"
"United Kingdom of Great Britain and Northern Ireland","LFS - EU Labour Force Survey","Employment by sex, age and economic activity (thousands)","Total","Age (10-year bands): 45-54","Economic activity (Aggregate): Manufacturing","2002",1001.78,,,,"Repository: ILO-STATISTICS - Micro data processing"
"United Kingdom of Great Britain and Northern Ireland","LFS - EU Labour Force Survey","Employment by sex, age and economic activity (thousands)","Total","Age (10-year bands): 55-64","Economic activity (Aggregate): Manufacturing","2002",557.587,,,,"Repository: ILO-STATISTICS - Micro data processing"
"United Kingdom of Great Britain and Northern Ireland","LFS - EU Labour Force Survey","Employment by sex, age and economic activity (thousands)","Total","Age (10-year bands): 65+","Economic activity (Aggregate): Manufacturing","2002",47.382,,,,"Repository: ILO-STATISTICS - Micro data processing"
"United Kingdom of Great Britain and Northern Ireland","LFS - EU Labour Force Survey","Employment by sex, age and economic activity (thousands)","Total","Age (10-year bands): Total","Economic activity (Aggregate): Manufacturing","2001",4478.095,,,,"Repository: ILO-STATISTICS - Micro data processing"
"United Kingdom of Great Britain and Northern Ireland","LFS - EU Labour Force Survey","Employment by sex, age and economic activity (thousands)","Total","Age (10-year bands): 15-24","Economic activity (Aggregate): Manufacturing","2001",499.065,,,,"Repository: ILO-STATISTICS - Micro data processing"
"United Kingdom of Great Britain and Northern Ireland","LFS - EU Labour Force Survey","Employment by sex, age and economic activity (thousands)","Total","Age (10-year bands): 25-34","Economic activity (Aggregate): Manufacturing","2001",1137.725,,,,"Repository: ILO-STATISTICS - Micro data processing"
"United Kingdom of Great Britain and Northern Ireland","LFS - EU Labour Force Survey","Employment by sex, age and economic activity (thousands)","Total","Age (10-year bands): 35-44","Economic activity (Aggregate): Manufacturing","2001",1231.253,,,,"Repository: ILO-STATISTICS - Micro data processing"
"United Kingdom of Great Britain and Northern Ireland","LFS - EU Labour Force Survey","Employment by sex, age and economic activity (thousands)","Total","Age (10-year bands): 45-54","Economic activity (Aggregate): Manufacturing","2001",1007.121,,,,"Repository: ILO-STATISTICS - Micro data processing"
"United Kingdom of Great Britain and Northern Ireland","LFS - EU Labour Force Survey","Employment by sex, age and economic activity (thousands)","Total","Age (10-year bands): 55-64","Economic activity (Aggregate): Manufacturing","2001",549.041,,,,"Repository: ILO-STATISTICS - Micro data processing"
"United Kingdom of Great Britain and Northern Ireland","LFS - EU Labour Force Survey","Employment by sex, age and economic activity (thousands)","Total","Age (10-year bands): 65+","Economic activity (Aggregate): Manufacturing","2001",53.89,,,,"Repository: ILO-STATISTICS - Micro data processing"
"United Kingdom of Great Britain and Northern Ireland","LFS - EU Labour Force Survey","Employment by sex, age and economic activity (thousands)","Total","Age (10-year bands): Total","Economic activity (Aggregate): Manufacturing","2000",4619.286,,,,"Repository: ILO-STATISTICS - Micro data processing"
"United Kingdom of Great Britain and Northern Ireland","LFS - EU Labour Force Survey","Employment by sex, age and economic activity (thousands)","Total","Age (10-year bands): 15-24","Economic activity (Aggregate): Manufacturing","2000",514.094,,,,"Repository: ILO-STATISTICS - Micro data processing"
"United Kingdom of Great Britain and Northern Ireland","LFS - EU Labour Force Survey","Employment by sex, age and economic activity (thousands)","Total","Age (10-year bands): 25-34","Economic activity (Aggregate): Manufacturing","2000",1249.712,,,,"Repository: ILO-STATISTICS - Micro data processing"
"United Kingdom of Great Britain and Northern Ireland","LFS - EU Labour Force Survey","Employment by sex, age and economic activity (thousands)","Total","Age (10-year bands): 35-44","Economic activity (Aggregate): Manufacturing","2000",1220.458,,,,"Repository: ILO-STATISTICS - Micro data processing"
"United Kingdom of Great Britain and Northern Ireland","LFS - EU Labour Force Survey","Employment by sex, age and economic activity (thousands)","Total","Age (10-year bands): 45-54","Economic activity (Aggregate): Manufacturing","2000",1033.947,,,,"Repository: ILO-STATISTICS - Micro data processing"
"United Kingdom of Great Britain and Northern Ireland","LFS - EU Labour Force Survey","Employment by sex, age and economic activity (thousands)","Total","Age (10-year bands): 55-64","Economic activity (Aggregate): Manufacturing","2000",557.5,,,,"Repository: ILO-STATISTICS - Micro data processing"
"United Kingdom of Great Britain and Northern Ireland","LFS - EU Labour Force Survey","Employment by sex, age and economic activity (thousands)","Total","Age (10-year bands): 65+","Economic activity (Aggregate): Manufacturing","2000",43.575,,,,"Repository: ILO-STATISTICS - Micro data processing"
"United Kingdom of Great Britain and Northern Ireland","LFS - EU Labour Force Survey","Employment by sex, age and economic activity (thousands)","Total","Age (10-year bands): Total","Economic activity (Aggregate): Manufacturing","1999",4765.051,,,,"Repository: ILO-STATISTICS - Micro data processing"
"United Kingdom of Great Britain and Northern Ireland","LFS - EU Labour Force Survey","Employment by sex, age and economic activity (thousands)","Total","Age (10-year bands): 15-24","Economic activity (Aggregate): Manufacturing","1999",590.695,,,,"Repository: ILO-STATISTICS - Micro data processing"
"United Kingdom of Great Britain and Northern Ireland","LFS - EU Labour Force Survey","Employment by sex, age and economic activity (thousands)","Total","Age (10-year bands): 25-34","Economic activity (Aggregate): Manufacturing","1999",1246.773,,,,"Repository: ILO-STATISTICS - Micro data processing"
"United Kingdom of Great Britain and Northern Ireland","LFS - EU Labour Force Survey","Employment by sex, age and economic activity (thousands)","Total","Age (10-year bands): 35-44","Economic activity (Aggregate): Manufacturing","1999",1221.495,,,,"Repository: ILO-STATISTICS - Micro data processing"
"United Kingdom of Great Britain and Northern Ireland","LFS - EU Labour Force Survey","Employment by sex, age and economic activity (thousands)","Total","Age (10-year bands): 45-54","Economic activity (Aggregate): Manufacturing","1999",1062.032,,,,"Repository: ILO-STATISTICS - Micro data processing"
"United Kingdom of Great Britain and Northern Ireland","LFS - EU Labour Force Survey","Employment by sex, age and economic activity (thousands)","Total","Age (10-year bands): 55-64","Economic activity (Aggregate): Manufacturing","1999",598.887,,,,"Repository: ILO-STATISTICS - Micro data processing"
"United Kingdom of Great Britain and Northern Ireland","LFS - EU Labour Force Survey","Employment by sex, age and economic activity (thousands)","Total","Age (10-year bands): 65+","Economic activity (Aggregate): Manufacturing","1999",45.169,,,,"Repository: ILO-STATISTICS - Micro data processing"
"United Kingdom of Great Britain and Northern Ireland","LFS - EU Labour Force Survey","Employment by sex, age and economic activity (thousands)","Total","Age (10-year bands): Total","Economic activity (Aggregate): Manufacturing","1998",5005.339,,,,"Repository: ILO-STATISTICS - Micro data processing"
"United Kingdom of Great Britain and Northern Ireland","LFS - EU Labour Force Survey","Employment by sex, age and economic activity (thousands)","Total","Age (10-year bands): 15-24","Economic activity (Aggregate): Manufacturing","1998",631.753,,,,"Repository: ILO-STATISTICS - Micro data processing"
"United Kingdom of Great Britain and Northern Ireland","LFS - EU Labour Force Survey","Employment by sex, age and economic activity (thousands)","Total","Age (10-year bands): 25-34","Economic activity (Aggregate): Manufacturing","1998",1415.836,,,,"Repository: ILO-STATISTICS - Micro data processing"
"United Kingdom of Great Britain and Northern Ireland","LFS - EU Labour Force Survey","Employment by sex, age and economic activity (thousands)","Total","Age (10-year bands): 35-44","Economic activity (Aggregate): Manufacturing","1998",1248.171,,,,"Repository: ILO-STATISTICS - Micro data processing"
"United Kingdom of Great Britain and Northern Ireland","LFS - EU Labour Force Survey","Employment by sex, age and economic activity (thousands)","Total","Age (10-year bands): 45-54","Economic activity (Aggregate): Manufacturing","1998",1112.557,,,,"Repository: ILO-STATISTICS - Micro data processing"
"United Kingdom of Great Britain and Northern Ireland","LFS - EU Labour Force Survey","Employment by sex, age and economic activity (thousands)","Total","Age (10-year bands): 55-64","Economic activity (Aggregate): Manufacturing","1998",551.718,,,,"Repository: ILO-STATISTICS - Micro data processing"
"United Kingdom of Great Britain and Northern Ireland","LFS - EU Labour Force Survey","Employment by sex, age and economic activity (thousands)","Total","Age (10-year bands): 65+","Economic activity (Aggregate): Manufacturing","1998",45.305,,,,"Repository: ILO-STATISTICS - Micro data processing"
"United Kingdom of Great Britain and Northern Ireland","LFS - EU Labour Force Survey","Employment by sex, age and economic activity (thousands)","Total","Age (10-year bands): Total","Economic activity (Aggregate): Manufacturing","1997",5001.847,,,,"Repository: ILO-STATISTICS - Micro data processing"
"United Kingdom of Great Britain and Northern Ireland","LFS - EU Labour Force Survey","Employment by sex, age and economic activity (thousands)","Total","Age (10-year bands): 15-24","Economic activity (Aggregate): Manufacturing","1997",653.728,,,,"Repository: ILO-STATISTICS - Micro data processing"
"United Kingdom of Great Britain and Northern Ireland","LFS - EU Labour Force Survey","Employment by sex, age and economic activity (thousands)","Total","Age (10-year bands): 25-34","Economic activity (Aggregate): Manufacturing","1997",1434.4,,,,"Repository: ILO-STATISTICS - Micro data processing"
"United Kingdom of Great Britain and Northern Ireland","LFS - EU Labour Force Survey","Employment by sex, age and economic activity (thousands)","Total","Age (10-year bands): 35-44","Economic activity (Aggregate): Manufacturing","1997",1198.018,,,,"Repository: ILO-STATISTICS - Micro data processing"
"United Kingdom of Great Britain and Northern Ireland","LFS - EU Labour Force Survey","Employment by sex, age and economic activity (thousands)","Total","Age (10-year bands): 45-54","Economic activity (Aggregate): Manufacturing","1997",1127.739,,,,"Repository: ILO-STATISTICS - Micro data processing"
"United Kingdom of Great Britain and Northern Ireland","LFS - EU Labour Force Survey","Employment by sex, age and economic activity (thousands)","Total","Age (10-year bands): 55-64","Economic activity (Aggregate): Manufacturing","1997",542.798,,,,"Repository: ILO-STATISTICS - Micro data processing"
"United Kingdom of Great Britain and Northern Ireland","LFS - EU Labour Force Survey","Employment by sex, age and economic activity (thousands)","Total","Age (10-year bands): 65+","Economic activity (Aggregate): Manufacturing","1997",45.164,,,,"Repository: ILO-STATISTICS - Micro data processing"
"United Kingdom of Great Britain and Northern Ireland","LFS - EU Labour Force Survey","Employment by sex, age and economic activity (thousands)","Total","Age (10-year bands): Total","Economic activity (Aggregate): Manufacturing","1996",5052.334,,,,"Repository: ILO-STATISTICS - Micro data processing"
"United Kingdom of Great Britain and Northern Ireland","LFS - EU Labour Force Survey","Employment by sex, age and economic activity (thousands)","Total","Age (10-year bands): 15-24","Economic activity (Aggregate): Manufacturing","1996",683.015,,,,"Repository: ILO-STATISTICS - Micro data processing"
"United Kingdom of Great Britain and Northern Ireland","LFS - EU Labour Force Survey","Employment by sex, age and economic activity (thousands)","Total","Age (10-year bands): 25-34","Economic activity (Aggregate): Manufacturing","1996",1431.848,,,,"Repository: ILO-STATISTICS - Micro data processing"
"United Kingdom of Great Britain and Northern Ireland","LFS - EU Labour Force Survey","Employment by sex, age and economic activity (thousands)","Total","Age (10-year bands): 35-44","Economic activity (Aggregate): Manufacturing","1996",1177.294,,,,"Repository: ILO-STATISTICS - Micro data processing"
"United Kingdom of Great Britain and Northern Ireland","LFS - EU Labour Force Survey","Employment by sex, age and economic activity (thousands)","Total","Age (10-year bands): 45-54","Economic activity (Aggregate): Manufacturing","1996",1152,,,,"Repository: ILO-STATISTICS - Micro data processing"
"United Kingdom of Great Britain and Northern Ireland","LFS - EU Labour Force Survey","Employment by sex, age and economic activity (thousands)","Total","Age (10-year bands): 55-64","Economic activity (Aggregate): Manufacturing","1996",555.961,,,,"Repository: ILO-STATISTICS - Micro data processing"
"United Kingdom of Great Britain and Northern Ireland","LFS - EU Labour Force Survey","Employment by sex, age and economic activity (thousands)","Total","Age (10-year bands): 65+","Economic activity (Aggregate): Manufacturing","1996",52.216,,,,"Repository: ILO-STATISTICS - Micro data processing"
"United Kingdom of Great Britain and Northern Ireland","LFS - EU Labour Force Survey","Employment by sex, age and economic activity (thousands)","Total","Age (10-year bands): Total","Economic activity (Aggregate): Manufacturing","1995",4918.823,,,,"Repository: ILO-STATISTICS - Micro data processing"
"United Kingdom of Great Britain and Northern Ireland","LFS - EU Labour Force Survey","Employment by sex, age and economic activity (thousands)","Total","Age (10-year bands): 15-24","Economic activity (Aggregate): Manufacturing","1995",691.933,,,,"Repository: ILO-STATISTICS - Micro data processing"
"United Kingdom of Great Britain and Northern Ireland","LFS - EU Labour Force Survey","Employment by sex, age and economic activity (thousands)","Total","Age (10-year bands): 25-34","Economic activity (Aggregate): Manufacturing","1995",1407.154,,,,"Repository: ILO-STATISTICS - Micro data processing"
"United Kingdom of Great Britain and Northern Ireland","LFS - EU Labour Force Survey","Employment by sex, age and economic activity (thousands)","Total","Age (10-year bands): 35-44","Economic activity (Aggregate): Manufacturing","1995",1150.65,,,,"Repository: ILO-STATISTICS - Micro data processing"
"United Kingdom of Great Britain and Northern Ireland","LFS - EU Labour Force Survey","Employment by sex, age and economic activity (thousands)","Total","Age (10-year bands): 45-54","Economic activity (Aggregate): Manufacturing","1995",1073.538,,,,"Repository: ILO-STATISTICS - Micro data processing"
"United Kingdom of Great Britain and Northern Ireland","LFS - EU Labour Force Survey","Employment by sex, age and economic activity (thousands)","Total","Age (10-year bands): 55-64","Economic activity (Aggregate): Manufacturing","1995",536.409,,,,"Repository: ILO-STATISTICS - Micro data processing"
"United Kingdom of Great Britain and Northern Ireland","LFS - EU Labour Force Survey","Employment by sex, age and economic activity (thousands)","Total","Age (10-year bands): 65+","Economic activity (Aggregate): Manufacturing","1995",59.14,,,,"Repository: ILO-STATISTICS - Micro data processing"
"United Kingdom of Great Britain and Northern Ireland","LFS - EU Labour Force Survey","Employment by sex, age and economic activity (thousands)","Total","Age (10-year bands): Total","Economic activity (Aggregate): Manufacturing","1994",4876.486,,,,"Repository: ILO-STATISTICS - Micro data processing"
"United Kingdom of Great Britain and Northern Ireland","LFS - EU Labour Force Survey","Employment by sex, age and economic activity (thousands)","Total","Age (10-year bands): 15-24","Economic activity (Aggregate): Manufacturing","1994",698.36,,,,"Repository: ILO-STATISTICS - Micro data processing"
"United Kingdom of Great Britain and Northern Ireland","LFS - EU Labour Force Survey","Employment by sex, age and economic activity (thousands)","Total","Age (10-year bands): 25-34","Economic activity (Aggregate): Manufacturing","1994",1389.788,,,,"Repository: ILO-STATISTICS - Micro data processing"
"United Kingdom of Great Britain and Northern Ireland","LFS - EU Labour Force Survey","Employment by sex, age and economic activity (thousands)","Total","Age (10-year bands): 35-44","Economic activity (Aggregate): Manufacturing","1994",1125.107,,,,"Repository: ILO-STATISTICS - Micro data processing"
"United Kingdom of Great Britain and Northern Ireland","LFS - EU Labour Force Survey","Employment by sex, age and economic activity (thousands)","Total","Age (10-year bands): 45-54","Economic activity (Aggregate): Manufacturing","1994",1059.749,,,,"Repository: ILO-STATISTICS - Micro data processing"
"United Kingdom of Great Britain and Northern Ireland","LFS - EU Labour Force Survey","Employment by sex, age and economic activity (thousands)","Total","Age (10-year bands): 55-64","Economic activity (Aggregate): Manufacturing","1994",554.522,,,,"Repository: ILO-STATISTICS - Micro data processing"
"United Kingdom of Great Britain and Northern Ireland","LFS - EU Labour Force Survey","Employment by sex, age and economic activity (thousands)","Total","Age (10-year bands): 65+","Economic activity (Aggregate): Manufacturing","1994",48.959,,,,"Repository: ILO-STATISTICS - Micro data processing"
"United Kingdom of Great Britain and Northern Ireland","LFS - EU Labour Force Survey","Employment by sex, age and economic activity (thousands)","Total","Age (10-year bands): Total","Economic activity (Aggregate): Manufacturing","1993",5266.668,,,,"Repository: ILO-STATISTICS - Micro data processing"
"United Kingdom of Great Britain and Northern Ireland","LFS - EU Labour Force Survey","Employment by sex, age and economic activity (thousands)","Total","Age (10-year bands): 15-24","Economic activity (Aggregate): Manufacturing","1993",790.206,,,,"Repository: ILO-STATISTICS - Micro data processing"
"United Kingdom of Great Britain and Northern Ireland","LFS - EU Labour Force Survey","Employment by sex, age and economic activity (thousands)","Total","Age (10-year bands): 25-34","Economic activity (Aggregate): Manufacturing","1993",1465.078,,,,"Repository: ILO-STATISTICS - Micro data processing"
"United Kingdom of Great Britain and Northern Ireland","LFS - EU Labour Force Survey","Employment by sex, age and economic activity (thousands)","Total","Age (10-year bands): 35-44","Economic activity (Aggregate): Manufacturing","1993",1219.711,,,,"Repository: ILO-STATISTICS - Micro data processing"
"United Kingdom of Great Britain and Northern Ireland","LFS - EU Labour Force Survey","Employment by sex, age and economic activity (thousands)","Total","Age (10-year bands): 45-54","Economic activity (Aggregate): Manufacturing","1993",1139.136,,,,"Repository: ILO-STATISTICS - Micro data processing"
"United Kingdom of Great Britain and Northern Ireland","LFS - EU Labour Force Survey","Employment by sex, age and economic activity (thousands)","Total","Age (10-year bands): 55-64","Economic activity (Aggregate): Manufacturing","1993",592.042,,,,"Repository: ILO-STATISTICS - Micro data processing"
"United Kingdom of Great Britain and Northern Ireland","LFS - EU Labour Force Survey","Employment by sex, age and economic activity (thousands)","Total","Age (10-year bands): 65+","Economic activity (Aggregate): Manufacturing","1993",60.495,,,,"Repository: ILO-STATISTICS - Micro data processing"
